episode,average_reward,voltage_rmse,average_duty_variation,critic_loss,actor_loss
1,-14.21599172569157,73.71048211088358,0.2804604241083109,13.680341434478759,32.69359350204468
2,-34.47876632569496,117.4203842542385,0.03398333358826182,29.338569164276123,103.91229782104492
3,-3.1107426193976253,35.16902502241068,0.04452922173678527,72.25488595962524,99.5085578918457
4,-0.491018664350625,13.41594407651541,0.0678490059844444,150.1769362449646,94.17502555847167
5,-0.4819881319000351,13.318695786405426,0.0679354703747101,51.044803047180174,79.37460899353027
6,-0.500480485990555,13.598757380673913,0.0683694584005321,49.32223968505859,72.05083541870117
7,-0.47829194235765765,13.339031593499701,0.06276478283523831,48.63709726333618,63.06027736663818
8,-0.38433328100355807,11.809813568973551,0.06435553701822055,29.808040189743043,59.92341556549072
9,-0.2798430181727465,9.95019466440596,0.06176934453735423,92.51420135498047,54.21432037353516
10,-0.20243877576657285,8.14849075896311,0.06485010367169997,90.79341626167297,50.96889381408691
11,-0.14309094483238866,6.448349040525688,0.06688053531271708,18.081081676483155,48.69652786254883
12,-0.11112922043587418,5.829667719859349,0.05383835709320682,17.336186170578003,45.27687110900879
13,-0.09240425677563081,5.289674431672403,0.049077942875483754,23.123171472549437,43.124489307403564
14,-0.09930169616872467,5.560156630965789,0.04915431704273566,16.56900906562805,41.06054449081421
15,-0.15526856006320752,7.162172481146284,0.05439514950383989,16.91065889596939,37.716050148010254
16,-0.11549885867045058,5.889539729533497,0.05796560965850351,15.977714896202087,36.71454963684082
17,-0.09686816509138058,5.25500886990156,0.05469370195663097,12.361959385871888,39.23937492370605
18,-0.08811116362617548,4.865375584491745,0.05753297049713818,13.355394756793975,36.973856163024905
19,-0.08865795984610103,4.8736099984825305,0.05722799541541402,11.393637216091156,36.13814725875854
20,-0.09563599813945618,4.957995614730498,0.06202390205139603,14.32428936958313,32.74932126998901
21,-0.08261005352354298,4.547818204822597,0.058154824535175315,8.10436782836914,32.127114582061765
22,-0.09257377446368303,4.7615833822009135,0.06338024334780043,73.43501652479172,29.739678382873535
23,-0.08502428780349185,4.338451344256416,0.06347506382967755,73.75165758132934,31.912994194030762
24,-0.09601660848244123,4.414998572514015,0.07025798179301376,6.996267879009247,28.460211086273194
25,-0.08932907913286448,4.594778334374602,0.06364819865976032,8.836869436502457,27.09013271331787
26,-0.07278823252490108,4.1704363925142705,0.05698100047283672,7.416590845584869,27.378097534179688
27,-0.07365138085797632,3.9416152661045474,0.06306761285265478,7.366313767433167,27.789084434509277
28,-0.08438617366916257,4.501576474781806,0.06111999194372498,6.059313583374023,28.402122211456298
29,-0.08151747334583255,4.403159742965826,0.06154091781376807,6.705718928575516,25.747876167297363
30,-0.07297474881312667,3.943572354932405,0.06192331145900444,6.026503583788871,25.76290626525879
31,-0.07361618213903962,4.183163990599623,0.05851264574060091,6.581537246704102,26.301820945739745
32,-0.08679781799264866,4.782605933463348,0.05836690388868588,5.821456933021546,25.348572063446046
33,-0.08518059475574609,4.788314710243788,0.057495076883414556,4.7201853454113,24.603099822998047
34,-0.08232686360557762,4.6730395219504395,0.055914231158982856,6.372931739687919,25.07041358947754
35,-0.08227395177353562,4.660566056465008,0.05785866070095541,11.881703102588654,22.858346366882323
36,-0.07553893340761653,4.456328724551296,0.05471469781966792,6.226422315835952,23.097042083740234
37,-0.07575623296343394,4.222342720904364,0.06062184500516787,4.433264639973641,22.720461654663087
38,-0.08496849831112978,4.612730693873319,0.060619934267528944,6.161264234781266,22.669473361968993
39,-0.07176085733111892,4.140459739208625,0.05810517768103551,4.216241005063057,21.917066287994384
40,-0.06809833060992333,3.870894808693521,0.06059296970747537,3.352686120569706,21.061356782913208
41,-0.07762008461557542,4.05858465356326,0.06595466764195876,74.92895354926586,20.71328148841858
42,-0.07040479086977867,3.930379203925768,0.06119055930061161,4.125445483624935,21.56151466369629
43,-0.062459077554223676,3.6883966008749804,0.05744516381850481,4.6451881065964695,20.32385311126709
44,-0.062379256656823,3.750450371525457,0.05654790953462569,5.238534235954285,21.709347677230834
45,-0.06879814015017297,3.999582958968733,0.058728973127454995,3.8204818248748778,20.901574659347535
46,-0.07103980783714027,4.05190267564422,0.06050976359107187,3.2350219190120697,20.435863780975343
47,-0.0655351801813807,3.9609807651428937,0.05533103086907619,5.8331996768713,21.47668323516846
48,-0.07498627064804991,4.259008610390818,0.05915500578745252,2.607659985125065,18.385831689834596
49,-0.06862144642157758,3.938803615698537,0.06016450266326818,3.9261679708957673,18.659631729125977
50,-0.06350596982825013,3.682158838296296,0.05972213248295066,3.838337530195713,18.800172281265258
51,-0.061969032775045466,3.7314181410560896,0.05738787627583756,3.601226879656315,17.34230523109436
52,-0.06674278921088472,3.890822228680051,0.05919224493528067,5.086028832197189,19.180704402923585
53,-0.06608955044951519,3.909233999579057,0.0575615692827879,3.800674983859062,19.073790788650513
54,-0.0700481679918636,4.120165436160567,0.05730478835484493,3.341653457283974,16.994575023651123
55,-0.07103599740087686,4.00723445344733,0.060417659486277274,2.1301612108945847,16.86547808647156
56,-0.06591128439687903,3.8524962096984567,0.05915144346434804,1.8665321163833142,16.45667576789856
57,-0.06608347143457387,3.772185660265178,0.06006444917517177,3.74132104665041,16.113321352005006
58,-0.06631905091265902,3.884223822535562,0.057751436372248346,2.901215037703514,17.022281217575074
59,-0.06572459573503864,3.8770653444890373,0.05738087192247145,3.650976527482271,16.821116161346435
60,-0.06946373127223764,3.9537262109482754,0.05947589291422469,4.183212095499039,15.2576828956604
61,-0.06522533488845612,3.7017290575882424,0.06068778103680989,3.34632950425148,17.547358989715576
62,-0.066201141020403,3.7552740992964284,0.06047663529934401,3.0904932111501693,15.257964611053467
63,-0.07908858191805804,4.260254920196419,0.06386687250900296,8.955876106023789,16.469045877456665
64,-0.07606272503853859,4.121856297970894,0.06266419574497734,5.493338878452778,14.514828634262084
65,-0.07116397433329413,4.036083030258545,0.060056199640666025,2.8073567688465118,15.28675365447998
66,-0.07231092128817274,4.110556304474355,0.059408551647082336,2.263661137223244,14.283433675765991
67,-0.07578944004652204,4.267705781472576,0.05918623824305865,4.416350883245468,15.872199201583863
68,-0.07981096054459554,4.318546625144451,0.06223673651882881,3.167735368013382,14.60285472869873
69,-0.07368689422129716,4.020118058064112,0.06267413017257413,3.368017286807299,15.144930219650268
70,-0.08835453252353759,4.561885905533533,0.06511982309660654,3.418832649290562,14.394301843643188
71,-0.08510529891685986,4.5250408186518625,0.06310344998780193,2.340624911338091,16.37306652069092
72,-0.08645283654611643,4.260474664097913,0.06832048487580142,2.6219072714447975,13.384882497787476
73,-0.07160626721166104,3.8772272817966886,0.06419682269369217,2.0117521092295645,14.039016771316529
74,-0.07236922476009325,3.8999764181923324,0.06291880829270582,2.300051264464855,14.429989671707153
75,-0.07259614526306925,3.963255919816446,0.061805506764030994,2.6674847796559336,13.93877100944519
76,-0.06325879221618581,3.4988592946745363,0.06196785919443985,2.8081320986151694,13.179655742645263
77,-0.07808157640654764,4.095111763077075,0.06447613670773202,3.3241298466920854,13.851291942596436
78,-0.07787441163513101,4.048207775668876,0.06491761823237961,3.2264567792415617,13.704571628570557
79,-0.0796455159903746,3.940294654559126,0.06810100496747006,3.0055933624505995,13.1252121925354
80,-0.0768743631482174,4.000431893291333,0.06502911242272645,2.139880008995533,12.615781545639038
81,-0.09131361700396227,4.442975837501704,0.06950527853484201,2.8276392847299574,12.903013658523559
82,-0.07679187301154075,4.024403238183119,0.06420108104710098,2.495326113700867,13.619545602798462
83,-0.08640619685059767,4.583733642532908,0.06135857638369409,1.4514361284673214,13.174024820327759
84,-0.07882233773740235,4.180133152125991,0.06397155830277775,4.019061642885208,12.934872961044311
85,-0.10571193926959777,4.6009560983242,0.07714502483688351,2.6516194798052313,13.213735246658326
86,-0.11377750552152627,4.811586467824928,0.07772546958148285,2.6530750431120396,12.724334526062012
87,-0.1128105584466149,4.937358955081658,0.07716683707650443,1.7381386533379555,12.85589165687561
88,-0.10014860849620666,4.618525312801399,0.07121109297000347,3.6360671810805796,12.11386742591858
89,-0.12307975233372476,5.088225994133044,0.07954898356077618,2.1365768484771253,12.601825857162476
90,-0.11343051195412447,5.046803630227254,0.07509789751509675,2.937821064144373,11.12089204788208
91,-0.11913037484664282,5.229239688181057,0.07501844712793103,2.3132656581699846,11.111556339263917
92,-0.11198880632846674,5.087114354619497,0.07209254212639862,1.892806091159582,12.164062976837158
93,-0.12035303052331381,5.6454718948070814,0.06802840822399006,3.1220287568867207,11.356932306289673
94,-0.09674059576608804,4.947763235350769,0.06380496614403247,3.480352506041527,12.588725996017455
95,-0.08377657380339604,4.666472503214957,0.05708965844997051,2.3856284439563753,11.153157353401184
96,-0.0870381411877872,4.793637921005411,0.05822730162131458,3.1902377605438232,11.851556491851806
97,-0.0854206988864517,4.6926223288709075,0.057896829842450516,3.8596543073654175,11.613766813278199
98,-0.10035735591165457,5.057009324211687,0.06409755188507418,3.2426105439662933,12.44455795288086
99,-0.07985559556450036,4.258563024075623,0.06405552584576694,2.465033750236034,10.790361189842224
100,-0.08421981276625051,4.497448757647088,0.06115512506408123,2.958908072113991,11.83490343093872
101,-0.08033074871859236,4.290767702854434,0.06333149083461288,2.595819500088692,11.71455225944519
102,-0.08498399951187793,4.747764247016573,0.05711742261669074,2.173143003880978,11.849720239639282
103,-0.08719546653557013,4.800153702731175,0.05861392980716217,2.7061994798481463,11.560686445236206
104,-0.08793022791699222,4.546191901154541,0.06393228538483542,2.246970643103123,10.487219047546386
105,-0.0886336068094257,4.627553828141028,0.06347288373146176,2.3485037751495836,10.860061502456665
106,-0.07924216027675314,4.074580571271056,0.06658171279936063,2.145913316309452,11.824167013168335
107,-0.07063744474297982,4.012096073411986,0.05848126798667233,1.7526044633239508,10.995459604263306
108,-0.08063813879248773,4.297076505900004,0.06376218878482157,1.8483539909124374,10.836162209510803
109,-0.07819070321230265,4.186503482231102,0.06322784144844934,2.160076951980591,11.13437740802765
110,-0.08221467933942767,4.336905588547713,0.0645912116781256,2.325670264288783,9.828076577186584
111,-0.08024100082806758,4.112011086330936,0.06658521930144733,3.601424311101437,11.281905794143677
112,-0.07798823418994645,4.058124832338313,0.06589867852785548,1.4166674144566058,11.20554006099701
113,-0.0796467608171115,4.234381823934164,0.0630891899046827,2.4766855582594873,10.776426839828492
114,-0.08413690025559878,4.543519248771111,0.06083507213369674,1.808354563266039,9.85469937324524
115,-0.08931321397039806,4.676195148022177,0.06251991077357189,2.9830593883991243,10.999674892425537
116,-0.07675839256366321,4.0415928223880435,0.06477971007785076,4.731537131220103,11.69666543006897
117,-0.08659176314063485,4.6072803676640355,0.06276551384970622,3.512962106242776,11.081577396392822
118,-0.0884385330598668,4.490823927297817,0.06735115513332159,3.74494761377573,10.367853021621704
119,-0.08556338617217157,4.433284954599451,0.06533779973688411,2.0136747963726522,10.422699761390685
120,-0.07661978164169601,4.102736978426807,0.06395517115327798,2.6215144231915475,10.712496137619018
121,-0.08460660714980658,4.5392722574182525,0.062081489052660734,2.220593049749732,9.948155164718628
122,-0.08090504282878942,4.313117194189903,0.06333172342859371,2.2619838915765285,10.802925491333008
123,-0.08112588991850436,4.301575659421415,0.0641612254578456,2.343480033427477,10.748418736457825
124,-0.08571324983705933,4.450544498646047,0.06634811345090083,3.1566836670041085,10.386745285987853
125,-0.07633725967094189,4.118139378173534,0.06344071407845495,1.3662920106202363,9.973884129524231
126,-0.07476555072157097,4.307775533765188,0.05690286711201212,2.72751996666193,10.89844353199005
127,-0.08399275686283127,4.490782647817705,0.06293246154403068,68.19877798780799,10.802222156524659
128,-0.084217250240633,4.200992361818387,0.07012133969291495,2.3302317947149276,9.343933820724487
129,-0.08413805511995108,4.006213338401856,0.07399556349234795,2.276918027549982,10.357552695274354
130,-0.0759410026876242,4.0664745273816,0.0640785735818002,1.989911273494363,10.49120614528656
131,-0.0794765885764832,4.194118356355133,0.06426118589256789,2.891990488767624,9.916089296340942
132,-0.06623239478945259,3.7722358397891034,0.059910298390613806,2.5616061486303807,9.331663966178894
133,-0.07346156319463842,4.234902014313757,0.0588599197694657,2.5545594707131385,10.798409390449525
134,-0.07576765747997838,4.015882438984232,0.06478487059942921,2.3724789667874573,9.759371209144593
135,-0.07431403438460665,3.885228718271251,0.0666121522684714,1.3220228679478168,9.91742172241211
136,-0.07665998064354103,4.247602168405848,0.061150649293783735,1.9225365698337555,9.23737699985504
137,-0.06807857203040338,3.930311489598876,0.0587970390266817,1.937081260047853,9.729796600341796
138,-0.07861919106739641,4.495159634026014,0.05698728617319729,1.7105424731969834,10.253482747077943
139,-0.07518081851156416,4.320462878759952,0.05736285508732153,1.0179336056113244,9.591420125961303
140,-0.06341857140601273,3.5647235481554413,0.0615490028882991,2.197075255215168,9.525468277931214
141,-0.07835347928009856,4.373156922419411,0.06008873225634837,1.667497568577528,9.862564134597779
142,-0.08002030780462344,4.571185067635912,0.05705897213194163,1.8496110185980796,8.993721914291381
143,-0.07620618028408978,4.4272966261718,0.05623792946175956,1.6696251939982176,10.181290817260741
144,-0.07989861400225548,4.403598875646513,0.060583300293778564,5.129267315194011,9.817699551582336
145,-0.07066696376788835,3.819334372317026,0.06399559545099198,2.066449497640133,9.909509325027466
146,-0.06954025658177651,3.870916942830099,0.060799875069045724,1.966246297582984,8.51914315223694
147,-0.07786466329607448,4.215198442425341,0.06284070428927842,6.8401954710483555,9.402041864395141
148,-0.07707606171041373,4.3940178676322015,0.05812051870774822,2.834622623771429,9.533960032463074
149,-0.0804820765325586,4.367508415079747,0.06194162593326336,1.3399076610803604,8.485394144058228
150,-0.06566638569420395,3.9600222716437457,0.05581752497569601,1.856129802763462,10.056757974624634
151,-0.06534614440709655,3.685413419676315,0.06181687113106592,3.2402263902127744,8.986020374298096
152,-0.08171215297965258,4.249256561515031,0.06587930322569692,2.3623655937612056,8.370011949539185
153,-0.06667973929558181,3.831499695283012,0.05964111949125055,2.112000703252852,8.887966442108155
154,-0.06747196225722911,3.7952448274867905,0.06230285734871032,1.9692368417978288,9.9589693069458
155,-0.06903832811917139,4.053024790591648,0.05729851740648334,1.8979379534721375,8.034893369674682
156,-0.0629648510124416,3.6371031314032822,0.06012666371324477,2.0181150678545237,8.956337261199952
157,-0.07235295294304363,4.091295984885509,0.061299149663264586,1.0970712512731553,7.975949668884278
158,-0.07048692678253733,3.9089623291845106,0.06177175059211512,1.6452151827514172,9.471275210380554
159,-0.07686178934379893,3.9440171468896286,0.06852369721658058,2.099579491466284,8.475346779823303
160,-0.07901735226373312,4.348637794480171,0.06175458447676696,2.658186563849449,8.815736937522889
161,-0.0707314703392271,3.7714818304148627,0.06400261984921701,1.9421751156449318,9.44426875114441
162,-0.07556564213202248,3.7550139950730856,0.06815360087371695,3.1041040547192096,9.470240473747253
163,-0.08129399708022929,4.437143562389657,0.06115897935097404,1.0952165216207503,7.424022436141968
164,-0.07695135928159792,4.238125700668576,0.06097183224210697,1.066597130894661,7.987482643127441
165,-0.07557956593026811,4.168271025477591,0.061642325047237566,1.9499844186007977,8.763257622718811
166,-0.08179037519867034,4.391187083083521,0.06158876143748206,3.8431960493326187,7.975437879562378
167,-0.07702913408946663,4.3536278152909205,0.05761860497189264,2.298749580234289,8.353012228012085
168,-0.08774403589533881,4.571417249641524,0.06323889975226775,0.6186999032273889,8.679519963264465
169,-0.07570008582136722,4.107827023787949,0.06410147133016422,1.19197583720088,8.190809893608094
170,-0.08400894690127185,4.429811108774799,0.06428752952089417,1.4933010902255774,8.408426141738891
171,-0.08748409132069251,4.579444765643145,0.06313488834017074,1.620888002961874,8.764641666412354
172,-0.08491303659681895,4.642334363135943,0.06067907830291414,1.3239144783467054,8.916278624534607
173,-0.07787325460878362,4.1098848529206,0.06493427438718576,1.3553438279777765,8.507858037948608
174,-0.07954624853274458,4.135338859834355,0.0653184135812696,3.727109554037452,9.693541359901428
175,-0.08561520299740691,4.73577233738001,0.05880999000894469,0.8770247181877494,8.45800678730011
176,-0.08321210001026078,4.579913606614391,0.060836316855727386,0.6975899929180741,8.922961831092834
177,-0.0722994217573247,3.9214427061622446,0.06366926077714866,1.1074201203882694,7.5773577213287355
178,-0.07640473364572602,4.2773249966488125,0.06040695409264687,1.665768589451909,8.321570777893067
179,-0.06811043164098378,4.00831599683937,0.05664107564686502,1.553689831495285,8.098289346694946
180,-0.07106797081068007,4.001539386161365,0.0598268933210639,2.119589354097843,8.331973457336426
181,-0.07200034735974985,4.027407723859756,0.06094800442047582,8.067869994044305,8.007208991050721
182,-0.0775924385868282,4.363194420101106,0.06001908405065607,0.7488122753798961,7.99124538898468
183,-0.08093709000598104,4.468695358882317,0.06009974539163507,1.2078341167420148,7.579742836952209
184,-0.08437883129502205,4.622386268449191,0.06022318960238857,0.9105230171233416,8.768042492866517
185,-0.07883922751259204,4.065617631967455,0.0660284024339464,2.555314740166068,7.614014363288879
186,-0.08002657563785433,4.375138461906299,0.0608748197495792,1.2244764111936093,8.116170883178711
187,-0.08055544827408959,4.393228499810846,0.0617516324079144,1.2477930299937725,8.520619201660157
188,-0.08024386947241854,4.4104546546012795,0.061105170672621896,1.3899989940226078,7.826560735702515
189,-0.07520968576239921,4.256194757809585,0.058881820640801025,0.56975591853261,7.90504264831543
190,-0.07652499518013771,4.102588316126952,0.06342997255995604,1.0178356662392616,8.21223759651184
191,-0.06882786609684922,4.1197875402109245,0.055494602265402725,1.3323896005749702,8.698956847190857
192,-0.06869036390024319,3.860411022500265,0.061001550219751746,1.6410011503845454,7.366128444671631
193,-0.07324939109213402,4.204532823025404,0.05767847790858532,0.9604217704385519,8.431269550323487
194,-0.07532303053820329,4.417982829086365,0.05539750021638356,0.9237997189164162,8.143459248542786
195,-0.0645411205876279,3.904334309652743,0.055083410365705666,2.007313583791256,7.630916333198547
196,-0.07103111318259815,3.953820347125569,0.06207750932912948,0.8128021236509084,7.716255497932434
197,-0.07165025091251485,4.148319008232759,0.05777195468864852,0.9343242935836316,7.710875201225281
198,-0.06672387863809302,3.9549953474820057,0.056612750943602096,0.9938976909965277,8.00887758731842
199,-0.06849292637239734,4.0583856379034335,0.05674541005245981,1.0292160172015428,7.898291993141174
200,-0.08087711114771372,4.474209333950068,0.0601608122553848,1.2711181461811065,7.772003269195556
201,-0.07137616508722114,3.999861819060934,0.06042369558620397,1.6609779883176088,7.617238020896911
202,-0.07321872114065116,4.10946952450944,0.059839106178259216,0.8936728153377771,7.645626282691955
203,-0.08085051164499456,4.753229637224603,0.05296400104503442,0.6054217940196395,7.405433201789856
204,-0.07118098612173458,4.327239970681726,0.05289174793521416,1.0907409507781267,7.960976910591126
205,-0.07550062275937228,4.399290973258052,0.056017734469296795,1.0725477673113346,7.822535729408264
206,-0.06376902362382997,4.022678908839746,0.05169833114561435,1.105857276543975,7.746459317207337
207,-0.06435104031016602,3.850683725131462,0.0557844211139942,1.5390569638460874,7.497682809829712
208,-0.0715099590862604,4.3380444418002675,0.05341397884521782,0.8074248231947422,7.425538516044616
209,-0.06636804421471942,4.197925319404961,0.05063250532354759,0.8273046370595694,7.582464790344238
210,-0.07551564601831437,4.378684153361577,0.055515329142488724,0.6598356440663338,7.603928112983704
211,-0.07621816301112089,4.435815274556836,0.056104707685487754,0.800251541286707,7.390069389343262
212,-0.07793761984095122,4.677691805939645,0.052475063755683365,0.8032462790608406,7.128394412994385
213,-0.06330076985645099,3.934384773034952,0.05235972983828104,0.5061140699312091,7.312445044517517
214,-0.061830283603601016,3.7921930456887853,0.054600395478244565,2.0129271309822796,7.283621478080749
215,-0.07211194525150513,4.256124075531673,0.05541205764745755,1.4208056062459946,7.865739202499389
216,-0.07292498157146303,4.228253005483717,0.05731231634763074,1.1920613076537847,7.431360650062561
217,-0.06656329097439155,4.096638287789169,0.05260480536683694,0.7912631969898939,7.2401446342468265
218,-0.07051670819013389,4.2919621622047375,0.052626756134704876,0.830369314365089,7.32830502986908
219,-0.07411494174432619,4.330412354417467,0.055629902898201605,0.7137092338874936,7.386286425590515
220,-0.07494597484730386,4.4231814620583005,0.05456921969828946,1.1113433759659528,7.374658727645874
221,-0.07548745574343893,4.48172032210724,0.053551195255147094,1.142323924973607,7.7424438238143924
222,-0.07490675156561427,4.311822644092996,0.05853444776338826,1.5215051215142013,6.7712305068969725
223,-0.07240313691762076,4.41901066113754,0.05239714028504248,64.56345930099488,7.450709128379822
224,-0.0693521354875784,4.152880636157542,0.05495740475030523,0.9324556544423104,6.682680439949036
225,-0.06396722184479499,3.86258080838589,0.05642219333646177,0.4877144280821085,6.741195726394653
226,-0.06666485726813277,3.83580382074568,0.05782678088142821,0.8320302404463291,7.1021484375
227,-0.06604071873917089,3.980805619556807,0.056500219353575416,0.6759184010326862,7.013994336128235
228,-0.06173507058185533,3.781709603543429,0.05554723922189871,0.8219880508258939,7.507461261749268
229,-0.06356873785348609,3.71574853593925,0.05807126138469307,1.2366677686572074,6.976465106010437
230,-0.0632003640119322,3.885831673545065,0.05469893942120983,0.744599774852395,7.224762988090515
231,-0.07045167431765022,4.3383286257305205,0.05198797398743126,1.1766547054052352,6.652192091941833
232,-0.06566043517207518,4.135119288462518,0.0505143710484554,0.6856896050274373,6.907814025878906
233,-0.0618948595460103,3.771481657146972,0.0547402258299673,2.187691828608513,6.580951285362244
234,-0.061771960325757366,3.9417932122060733,0.05171074769580389,0.7821651929989457,6.582841920852661
235,-0.07018484143008231,4.231181590437126,0.0540446478398628,1.6307188607752323,6.801329469680786
236,-0.06764078866325705,4.095361292609899,0.05456254632186542,1.5012551261112095,7.497987532615662
237,-0.0730759256079449,4.334372064659363,0.05352930420788988,1.6247939694672824,6.753162980079651
238,-0.07940212497164734,4.684634793094954,0.0530012837685684,0.709189392440021,6.5475263595581055
239,-0.06905677042042517,4.229319592695629,0.05363415169330236,0.9341586865484715,7.316824102401734
240,-0.06074974518175308,3.897362089159313,0.05103064944344861,0.29096123557537795,6.637673234939575
241,-0.06236703928387794,3.882313884917166,0.05290146287152241,0.9304076414555311,7.164240884780884
242,-0.06299828762725143,3.962169901279678,0.05225338849730055,1.8352347534149884,6.6847169399261475
243,-0.07057459834011828,4.212332279363374,0.05578684978932401,1.7694786515086889,6.435915160179138
244,-0.06471030868848848,4.043183903669965,0.05217039757580345,2.3746652975678444,6.654723024368286
245,-0.06765059948594881,4.111011664489345,0.05419072188914029,1.049961168318987,6.884462285041809
246,-0.06525952746334947,4.029455059662757,0.052536423228678325,0.741377005726099,7.34771146774292
247,-0.064823302852103,4.04393936799219,0.05278655807697905,1.4623775640502572,6.874402689933777
248,-0.06721576233678073,3.9569626168900656,0.056909669170187936,0.7875607620924712,6.918431329727173
249,-0.06368638268624578,3.904856067403515,0.05443401439441601,1.4885846953839064,7.2149231910705565
250,-0.06881382911538038,4.018927564819062,0.05834633536631832,0.8106319691985846,6.75219886302948
251,-0.06563715948785229,4.014794586077198,0.05359670933990171,0.681661625020206,6.570001935958862
252,-0.06279420426100696,3.767207083198047,0.05621997895748307,0.8550169428810477,6.193589186668396
253,-0.06623207915991504,4.049296526394451,0.05260117178194308,1.0673009969294072,6.301945281028748
254,-0.062093830728344984,3.86050203650936,0.0541407621383027,0.6735216051340103,6.74060595035553
255,-0.06342426186621201,3.869638514132027,0.055254073081163355,0.6750704858452081,6.04577362537384
256,-0.06665628649531714,4.040284598094717,0.05485221236729708,7.6689496748149395,6.5920281410217285
257,-0.06645899201257277,3.8738856318413006,0.05851562813060353,1.4050117840990424,5.974284505844116
258,-0.06517199932568317,3.8963218738271106,0.0557962670049076,0.4639619719237089,5.692617988586425
259,-0.06684476752274775,4.076681311124492,0.05392852120916031,1.4234296329319478,7.0422210693359375
260,-0.06913342855947646,4.04632179095313,0.05697346444178541,0.5040311645716429,6.110070419311524
261,-0.06803334567118785,4.130562921327832,0.0538831348525582,1.2128929156810044,6.556881904602051
262,-0.12990539312231034,5.881818145512794,0.0651743145837983,0.6387496687471866,6.2368018388748165
263,-0.11641178677371242,5.981088528894935,0.055678276471080555,1.0665053453296423,5.828077077865601
264,-0.07700305188460169,4.437182058030429,0.056313680815308804,0.4605312988162041,6.504220938682556
265,-0.07294278321656826,4.451734037134614,0.05120671879859271,0.3433789197355509,6.290679454803467
266,-0.06955339300157039,4.205447508566382,0.05422183843411007,1.107717267051339,6.597341513633728
267,-0.06563317767001192,4.0028631970333155,0.054356941478429475,1.600546744093299,6.313849687576294
268,-0.06452313025563401,4.025350583572286,0.05279824662802096,0.8472098853439093,6.2487751007080075
269,-0.07509499481229345,4.445953975815811,0.055412535485658845,1.0640910997986794,6.636069869995117
270,-0.06502553273323701,3.8507987318205656,0.05657856374200235,1.1505053959786893,6.025893664360046
271,-0.06632314330870345,4.019503025508341,0.05522881927144118,0.2360225234180689,6.05074360370636
272,-0.062033855398760794,3.7635206154024257,0.05427963464089871,0.6951501842588186,6.027140331268311
273,-0.06719180887656753,4.0622746273303605,0.0547848113366408,0.5796541530638933,6.480686688423157
274,-0.06797033785981885,4.042677170665152,0.05587020076766319,0.5390410177409649,6.179165291786194
275,-0.06492115355174073,3.9859495682919137,0.05452850442926864,0.8725631564855576,6.474023485183716
276,-0.06312638709070396,3.871100502076812,0.0544391742830925,0.5485808622092009,6.283862900733948
277,-0.06373480499689978,3.8915218814577806,0.05526844830338255,0.48900351822376253,6.806755447387696
278,-0.06439755360166272,4.015720543184902,0.05363685920640779,0.43949764464050534,5.873802661895752
279,-0.06548463277464377,4.230000215322306,0.04814300924172417,0.7076516807079315,7.041602373123169
280,-0.07516045491715374,4.500625657052273,0.05398915236849353,1.2500085085630417,6.353488302230835
281,-0.06723606373465313,4.058819354118234,0.05484410580299385,4.373328448832035,5.716139888763427
282,-0.06582136307329955,4.014443765717043,0.053755382089394003,1.0960924927145244,6.24371657371521
283,-0.0637112198883617,3.80092941729622,0.05565861238518411,1.0988740906119348,6.496576499938965
284,-0.06249844128471691,3.791679074902479,0.05561146352217662,1.9327866926789283,5.732682204246521
285,-0.0734124701798372,4.281867424641234,0.05692461847277011,0.5781263310462237,5.831735992431641
286,-0.06348867422004814,3.752182735039866,0.05868311735308146,0.730384342558682,5.914117765426636
287,-0.06411387044118359,3.8934405009422046,0.05532642280903001,0.3984784368425608,6.642561197280884
288,-0.06375324788100782,4.080484429372101,0.05022529311592105,1.1383189685642718,6.253017854690552
289,-0.06507045618565885,3.8713219115595856,0.05631939857319654,0.6790222819894552,6.939890265464783
290,-0.06965674087853184,4.135861450572798,0.05481664695760219,0.33514140024781225,5.8438221454620365
291,-0.06254451853226872,3.84901521134389,0.05468652661478716,0.3091792734339833,6.266048240661621
292,-0.06225337552817782,3.7542940010167647,0.05640524226699938,1.548405047506094,6.487038397789002
293,-0.06707732969450311,4.106193899812846,0.054628151427941536,1.884978905878961,7.1925198316574095
294,-0.05797959556529461,3.4643489795873648,0.05797126836573525,0.6720531556755305,6.147004961967468
295,-0.05990841263082895,3.807708041347775,0.052574528370855675,1.5123569052666426,6.396803450584412
296,-0.05954492903920365,3.480057558509952,0.058899330528003585,0.5999516135081648,5.903695201873779
297,-0.059121276333348384,3.48053015648752,0.05783375596608085,0.3539210207760334,5.942901301383972
298,-0.06330303609416715,3.849490408037529,0.055224211456291916,0.7079838596284389,6.007203364372254
299,-0.06327193553857417,3.8363635778807335,0.0551371646739686,0.8600334905087947,5.888885855674744
300,-0.064950859090121,3.8498756122804925,0.05745485028600135,0.5918234286829829,5.844255113601685
301,-0.06789508603233937,4.010681769774617,0.05624111609042251,0.5972821307368577,6.21611897945404
302,-0.06353603607579236,3.8070614538246894,0.05601541073848708,0.7885206809267402,6.600837755203247
303,-0.0694572477367265,3.933778703893591,0.05951626796820248,0.8695551970973611,6.0538585662841795
304,-0.05864119799192114,3.5565298274738493,0.05638498119345661,1.2744108451530338,5.9543166875839235
305,-0.061012522271129195,3.7680599026533095,0.05471631144343641,0.42197870258241893,6.275339365005493
306,-0.06293978712475218,3.7343210037295593,0.05736973879263891,0.4824406556785107,6.183444881439209
307,-0.06367381671459,3.8407833698577107,0.05632185277554238,0.4451916517689824,5.779708290100098
308,-0.062136490571297706,3.792511167361441,0.05498620992414845,1.568504298478365,6.6413556098937985
309,-0.06855391099295867,4.16661543188967,0.05480179295471231,0.4973509946838021,6.789413380622864
310,-0.06817812343855333,4.038133406775543,0.05639272853997279,0.23588927714154123,6.0810879945755
311,-0.06501061857982143,4.012458242154325,0.053599678505550204,0.4029346531257033,5.899998211860657
312,-0.06896973045905817,4.114676973161043,0.055751107072989345,2.00521296877414,6.045437598228455
313,-0.06359894340343882,3.9106639792142404,0.053607132458422156,0.7704835405573249,5.766002798080445
314,-0.06330206016150182,3.7669198328419644,0.05676309516754003,2.580049341917038,6.376853585243225
315,-0.06336221961507775,3.763021244710468,0.05722111604146743,0.44615143798291684,5.6780534267425535
316,-0.06268874192909787,3.9033691202848932,0.05328353627737966,0.6559760510921478,5.643495678901672
317,-0.0592168487708766,3.6269904717043304,0.055344277422595345,0.4793094199150801,5.577902913093567
318,-0.07073921114377969,4.285596821699352,0.053645072115615575,0.23109884914010764,5.78912398815155
319,-0.06744947638902411,4.072363882923173,0.05429728122534873,0.8124462693929673,6.021288514137268
320,-0.058632451090329864,3.5827754535785887,0.05602756327583424,1.6359840743243694,6.103161716461182
321,-0.06015705753782334,3.6684908398979936,0.0559202257834522,1.9278410339727998,6.271074104309082
322,-0.06254864491591183,3.8256296846398143,0.054424327434712164,0.6568613499403,5.864564371109009
323,-0.07241191551682662,4.481353526218923,0.05028962799917741,0.4970584027469158,5.996239018440247
324,-0.06719324156251698,4.194250207788358,0.05101703896318324,0.5972647501155735,6.492992496490478
325,-0.0665471383134031,4.037734670406438,0.0552137117534774,0.5932795216329396,5.5083247423172
326,-0.061528041128721844,3.588863610288159,0.0582866813329165,1.7424942947924138,6.154814100265503
327,-0.06524349270510336,3.893922913811966,0.05643268612797326,0.755515556037426,5.748481822013855
328,-0.07395007862517988,4.149753457336653,0.05952226687890426,0.2929470671340823,6.06486566066742
329,-0.06180388160227982,3.607793068194958,0.058902764073764505,0.41923838425427673,6.067415332794189
330,-0.0632083287467672,3.7586296389514025,0.0566051871686051,0.6966168591752648,5.703099536895752
331,-0.06332430230159028,3.826884170045773,0.05618232219536142,0.5679920222610235,5.804249358177185
332,-0.07301609352522184,4.221445786116523,0.05772209714006076,1.2256698980927467,5.747740030288696
333,-0.06789950748575699,4.023083847590705,0.05642865634253048,2.9435677021741866,6.18591275215149
334,-0.06394588819040797,3.7709642712759313,0.05898236914754071,0.6511402026750147,5.685270643234253
335,-0.06318343866099851,3.7397007810940526,0.05842157028255828,0.3214222235605121,5.779936337471009
336,-0.07149099226382619,4.195692271393693,0.056805568674967166,0.38774733152240515,5.343719887733459
337,-0.07230624344900015,4.297034419513766,0.05523284534544924,0.4871292769908905,6.303100490570069
338,-0.06896463752096645,4.060409645932605,0.05661757184245485,0.8489783791825175,5.859811234474182
339,-0.07400083588549948,4.462325333655787,0.05269948851582745,0.575640313513577,5.251502585411072
340,-0.07384602667079289,4.319817437598124,0.05694431219308779,0.4998908132314682,5.327086663246154
341,-0.0774910627563708,4.091698892250628,0.06325957228074627,0.7082037169486284,5.538311338424682
342,-0.06852958741316596,3.9968742162524125,0.058081127603408715,0.9027224536985159,5.2629903793334964
343,-0.0629548219096011,3.7910070702083245,0.05594738826418211,0.6865179487504065,5.314366245269776
344,-0.06322065162803155,3.6859756274239275,0.059352339040594206,1.0883040754124522,5.925803399085998
345,-0.06697252211796693,3.927334167695211,0.05815003514951022,0.8301632093265653,5.46225118637085
346,-0.07367624830041809,4.36713041416449,0.05507528694301213,2.01339151635766,5.705321502685547
347,-0.07552305838280943,4.177536588940536,0.06089715466555396,0.6441572077572346,5.402398419380188
348,-0.07610634294820567,4.262568208801318,0.060375795243691376,0.5602329019457102,5.827868700027466
349,-0.0828127578279512,4.4864230755365035,0.05876859297705922,0.532770338281989,5.560123753547669
350,-0.07583849943821869,4.287576233568377,0.05646997157533996,0.9989638417959213,5.102962136268616
351,-0.06686737588082006,4.032877820071749,0.0547693977435119,0.6877113159745931,5.518041038513184
352,-0.07315605351930021,4.092568440460883,0.060115042648789925,0.24370096940547228,5.981030201911926
353,-0.06736730421908589,3.721522947102564,0.06086581367990212,1.0604315938428044,5.688523459434509
354,-0.061217566628867535,3.638095976806966,0.058485901137622816,1.0992560174316168,5.531246948242187
355,-0.06581676459025411,3.926923286548844,0.057147671560460155,0.7675113258883357,5.857845520973205
356,-0.07116231079652878,4.1891426120865995,0.05665219072819492,0.6521517537534237,5.572762680053711
357,-0.06525907932617944,3.872414186496762,0.05645019187265206,0.5864545466378331,5.520105338096618
358,-0.06713845432238139,3.946182108601763,0.05723291947382034,0.9366032686084509,5.8221362113952635
359,-0.056639663040596436,3.418230253059374,0.057155560711050865,0.9571196405217052,5.775085139274597
360,-0.06431614226451807,3.7148383359104744,0.05973679078389301,0.4454282999038696,5.616154599189758
361,-0.06540383897110878,3.8350269830476913,0.058475777533149344,1.0228829253464937,5.701816844940185
362,-0.06286200188608403,3.930137778815285,0.053618753680281885,0.38535044379532335,5.136131834983826
363,-0.06703860191361023,3.9367238446680273,0.05667670944397965,0.4703075770288706,5.341119360923767
364,-0.06167511033231906,3.4888073737025884,0.061432086167124374,0.41949771270155906,5.431858062744141
365,-0.06259595930879958,3.7330567437003004,0.057141910207471426,1.9621105022728442,5.63098669052124
366,-0.0637471173491355,3.7311561595282186,0.05764957176314847,0.6694185189902783,5.703459405899048
367,-0.05920161524814893,3.6478469821235695,0.055759072561486,0.5018890352919698,5.732878375053406
368,-0.0624400556799177,3.737850254532126,0.057364373780038384,56.866867115162314,5.61155252456665
369,-0.059051289249466746,3.6965642188389896,0.054039769226531635,0.30545300133526326,5.628839278221131
370,-0.06349071028415403,3.700550428839337,0.05804872002458633,0.5299896556884051,5.410040068626404
371,-0.06656180383097633,3.821709087347344,0.06072203170171566,0.415997133217752,5.282384729385376
372,-0.06457297677645853,3.8671466466822992,0.05784924251631152,0.7486098621040582,5.581685948371887
373,-0.06524105101652847,3.48911241561332,0.06411522794418748,0.30603788420557976,5.038292002677918
374,-0.06547185947881136,3.853227828456559,0.05780179875453725,1.1716892771422862,5.1156851053237915
375,-0.06510123265089006,3.8812535927914835,0.05725752778886056,1.1083565894514322,5.3421141624450685
376,-0.06934821153656745,4.037914475635394,0.058536663770909485,0.2570523973554373,5.331725096702575
377,-0.07641577898506278,4.0005452549266325,0.06577686658823433,0.5930303800851107,5.643728089332581
378,-0.0696169692861373,4.072535025585161,0.057658803211499236,0.8015577679499983,5.811890697479248
379,-0.06557222648526713,3.9711746074065726,0.05478472186049654,0.807812392897904,5.035590624809265
380,-0.06116245318415062,3.7551242026272065,0.05469427605732438,2.9291896149516106,5.015278172492981
381,-0.06849082952608408,4.096586332464974,0.054364696670766086,0.878724324144423,5.8605293273925785
382,-0.06049263775867706,3.691565015948591,0.05548865673160132,0.4284566042013466,5.533148527145386
383,-0.061476932861419545,3.8597882614788515,0.053457489165873374,0.43639067485928534,5.362351727485657
384,-0.07920078084737141,4.427514409524551,0.0598095291088508,0.5868471197783947,5.404434466362
385,-0.0721823544264649,4.095218983097429,0.059385980723281065,0.34942729212343693,5.127789545059204
386,-0.06496673206534936,3.520308119829895,0.06299046017488392,0.55991580337286,5.382543992996216
387,-0.06526382276975057,3.768470608159454,0.05814342494139088,0.29721369277685883,5.274662327766419
388,-0.06317029369568546,3.9238470651763757,0.05310979513328133,0.38302622027695177,5.597483205795288
389,-0.07035585218421074,4.108826323416232,0.05691596114714856,1.2600371029227972,5.660504221916199
390,-0.06977509022747147,3.92439487787463,0.060955343589609245,1.7520478084683417,5.8343740940094
391,-0.059093078491088816,3.531447172063597,0.057624868920631137,0.351500635035336,5.425163221359253
392,-0.06460613720811781,3.59622754710588,0.062332305209020174,0.5510921265929938,5.374203419685363
393,-0.05650878851214327,3.377353774639976,0.05736832407974565,0.5082264943048358,5.687535977363586
394,-0.059194027734019945,3.323949468336468,0.062216310492231475,0.251001195050776,5.253293991088867
395,-0.06507531753020986,3.9550537168020456,0.054880806652482884,1.0109529945999385,5.920891833305359
396,-0.05984004619123852,3.5325825407231535,0.058176730615569015,5.2624775364995005,5.427108120918274
397,-0.06424368323001572,3.4774129597701786,0.062400481733923374,0.7400106508284807,5.6812779903411865
398,-0.058724263081853155,3.648285088689634,0.05459208184727724,0.5152529329061508,5.167014861106873
399,-0.05727963073139219,3.370999971075016,0.057653967004887965,0.7436851020902395,5.840918254852295
400,-0.060332743110110644,3.513803563745557,0.05870240378862734,1.081507913209498,5.722075462341309
401,-0.05937154440400704,3.473215018084873,0.059095886508630444,0.3925573997199535,5.439097166061401
402,-0.06276816510260749,4.002119596998124,0.05038792865599768,0.27944994540885093,5.189135146141052
403,-0.06630062771259856,3.9625973619855346,0.05587732201308124,0.44761238172650336,5.250934100151062
404,-0.061943352398744274,3.882979629880357,0.052052321950961114,0.16165712531656026,5.382941126823425
405,-0.06053168864328557,3.518765703416791,0.05843970048122852,0.714155095256865,5.106558895111084
406,-0.05964431586537689,3.660560508310504,0.0548592032381097,0.18691891487687826,5.048166584968567
407,-0.0667852730420306,3.9905382656361357,0.056226765018899734,0.9002918377518654,5.2147866010665895
408,-0.06253396062808167,3.742690769492071,0.05692935567333857,2.6333000704646112,5.907217812538147
409,-0.07350809824382522,4.166835047257184,0.06000555485872923,2.0755552731454374,4.8747000932693485
410,-0.07075252773395155,4.026048120377982,0.05833882951732694,1.4059499138966203,6.020973467826844
411,-0.0618175798861992,3.5967446898561914,0.05856507949195714,0.4695134026929736,5.3165833950042725
412,-0.06000170371804157,3.6360260716027883,0.05630763659889986,0.9091217886656523,5.504812169075012
413,-0.057527957601744686,3.406903452164777,0.0581920171782087,1.477142727188766,5.624648666381836
414,-0.060590094895018855,3.4822982582952164,0.060318373546023735,0.6088539968244732,5.306228709220886
415,-0.06224803328078521,3.502961960413987,0.06125650508942334,0.4310090206563473,4.914642310142517
416,-0.05880501669529028,3.252059976416537,0.06236824842121423,0.5774897051975131,4.677604365348816
417,-0.06272601421271487,3.491130395362445,0.06202043210797718,0.45225754072889685,5.390790581703186
418,-0.06540551979734083,3.668679536059005,0.059941389420780936,0.931480634957552,5.186711692810059
419,-0.06153583324859839,3.4500802274271773,0.05983866062760625,0.9277902096509933,5.387308526039123
420,-0.06076432348859013,3.7533135929130377,0.05380116628552043,0.6058112032711506,5.304118323326111
421,-0.06335384441823674,3.6220409272323826,0.05843617832997518,0.6357510780915618,4.77471432685852
422,-0.062123280055376574,3.6898027729404603,0.0561736915244736,0.2656997537240386,5.162102198600769
423,-0.06284554589985893,3.794425282759719,0.05443572697987959,0.5079512154683471,5.35494179725647
424,-0.05911647003844729,3.5443494911101876,0.05624247113726396,0.17687516007572412,5.057335793972015
425,-0.05826946037037421,3.428050488445187,0.0575459043550937,0.41870674761012194,5.301021933555603
426,-0.0652395561934019,3.695027964397788,0.06052851390798764,0.6982166267931461,4.946112132072448
427,-0.05810211111529107,3.5009922678121708,0.05667757689169848,0.4926142381504178,4.8125653743743895
428,-0.06652763733355717,3.4488969800526044,0.06576400105557473,0.47881581969559195,5.11897222995758
429,-0.06821811228038901,3.505731770755911,0.06608570761706199,0.6591974388808012,5.0404674172401425
430,-0.06085564619385259,3.3858443150285344,0.061496148323916956,0.7043065100908279,5.3241814494133
431,-0.06897300720968563,3.426082048504973,0.06808119863876323,0.9380599003285169,4.778768920898438
432,-0.0634894037008099,3.7892701279961956,0.05688716140832145,0.6684015301987529,4.660864663124085
433,-0.0619205015453147,3.6115839278203206,0.058641067066281624,0.4414517622441053,4.953823244571685
434,-0.06159238201485281,3.625704489009459,0.05781783453382185,0.3531110745854676,5.393177938461304
435,-0.059448202647737244,3.488162614411089,0.05748556291045271,0.5037604946643114,5.230809688568115
436,-0.07215890618087788,3.651508804247999,0.06641286048041503,0.7788924399763346,5.326447486877441
437,-0.0673596557347822,3.61078395326924,0.0643425022674929,0.8731670249253511,5.150521564483642
438,-0.06968704974070135,3.740348363977891,0.06438111573165747,0.6142035958357155,4.876148843765259
439,-0.061614818698089706,3.6066878625157863,0.05836732716297757,0.28282629046589136,5.562188601493835
440,-0.05830830678297441,3.63357498507156,0.054829121290766496,0.5898252401500941,5.2694518804550174
441,-0.08007400138292023,4.480468627413325,0.05905799747499221,0.7645805848762393,5.1633600234985355
442,-0.06024793052817491,3.7334162506315036,0.05356487569227572,0.6908055804669857,4.96412763595581
443,-0.06729604765775886,4.178759285604714,0.05215499480831522,0.3044508062303066,5.423556542396545
444,-0.06109880804952769,3.7438638573238916,0.054528705304456214,0.624993433430791,5.264076519012451
445,-0.059551032921521446,3.734193849270156,0.053548155096829024,0.3507854061201215,4.981116223335266
446,-0.0621870571554566,3.5157054303073108,0.06044483013266312,0.792066335119307,5.389688491821289
447,-0.05834396522243622,3.3743049111229433,0.05772170658534575,0.7491359200328589,5.404243063926697
448,-0.06487828467841263,3.741126176423408,0.05800165707929227,0.3655450528487563,5.606754875183105
449,-0.06344759027569793,3.8821813963509544,0.05413609611195638,0.7456966942176223,5.345703673362732
450,-0.06515776843702657,4.029659628652327,0.052229278399964024,0.7704975662752986,4.876200604438782
451,-0.06084878007941573,3.7743270335604175,0.053872281208796204,0.27670720778405666,5.574450659751892
452,-0.058097316155067524,3.700257226464034,0.05134983296477671,0.6373892387375235,5.304503154754639
453,-0.06204213941203994,3.7078412833760717,0.056182002848184656,0.5817541042342782,5.019991016387939
454,-0.06632151783688225,3.734747593201784,0.06048078738998739,0.20756189078092574,4.826049113273621
455,-0.06155292014478951,3.592943129609869,0.05825352200026502,0.5058817552402616,4.968592786788941
456,-0.06768775596911313,3.7923020205576106,0.059975769369978386,0.30293616466224194,4.655684924125671
457,-0.06376083727804943,3.4950718657604862,0.06118643389730127,0.3096068172715604,5.227456521987915
458,-0.06664333243220107,3.4907503518737144,0.06587581669815142,0.4054216381162405,4.820917677879334
459,-0.07007282754072765,3.830974138623181,0.06301660736826994,0.45330161023885013,5.1236199855804445
460,-0.07661650573225445,4.481123391449742,0.055422876464564605,1.1409636322408914,5.236251258850098
461,-0.07161627851712209,4.182439133318602,0.056803496012574305,0.29167106030508877,5.050301861763001
462,-0.0640587185751599,3.8255119589620517,0.05572543165276965,0.3271848052740097,5.061384582519532
463,-0.06163686937092094,3.7401228735821666,0.05482008109362674,0.4323230182752013,5.194134831428528
464,-0.06426606871958146,3.9494439649812456,0.0542252668765683,0.5495119178667665,5.4127950191497805
465,-0.0605152728390968,3.664576627678374,0.055834590577658605,0.7225488811731339,5.330113697052002
466,-0.057368578713662764,3.64232580398916,0.05289025392266693,0.297518658824265,5.214627265930176
467,-0.06564322057977479,3.9643131276399757,0.05415396017699739,0.47295665834099054,5.2389874935150145
468,-0.056320183195995265,3.5226359720621474,0.05473468055694354,0.6283809559419751,4.762725615501404
469,-0.06415095297387667,3.6376685290117834,0.05997474684290519,0.93176777549088,4.83972282409668
470,-0.07307869685280896,4.12006714858694,0.05852521440585193,0.4068184087052941,4.863329958915711
471,-0.0688868274131411,4.116803021736698,0.05509004724708842,0.1730649856850505,5.520809435844422
472,-0.06251706833818924,3.8071426108707658,0.0563051301205402,0.8867309868335724,5.515004897117615
473,-0.06497272522271609,3.4462956981265136,0.06323273615827013,0.2870283301919699,4.8374073028564455
474,-0.06386630251271788,3.481562103404823,0.06159021622936573,0.45565868709236385,5.305445075035095
475,-0.069946309115844,4.299071919946116,0.051992933891517275,0.17048534024506806,4.80109179019928
476,-0.06228553806232262,3.8672037498553493,0.053462230113935465,0.1804094582796097,5.280851697921753
477,-0.0694648842455068,4.2445157345737075,0.052933614399161874,1.4068323243409395,5.021492266654969
478,-0.06833529511979536,4.021101893506937,0.05710476695582151,0.5778717951849103,4.88979320526123
479,-0.06322284363093676,3.835853792214687,0.055003416401282534,0.8464079044759274,5.098989510536194
480,-0.07499256471242738,4.024932712948488,0.06360657876476945,0.32153329383581875,5.295693731307983
481,-0.07740810315676626,4.256317452567657,0.062415110063317666,1.149813425540924,4.843120229244232
482,-0.08002776332128599,4.192782200023476,0.06421614842913924,0.6168319160118699,5.092234206199646
483,-0.07673980656407656,4.418813861227342,0.0554064156184674,0.1520660502836108,5.150462007522583
484,-0.076190655703058,4.266322762875875,0.058706150521190534,0.40846741246059537,5.268885397911072
485,-0.06865621489759455,3.9539562455543766,0.05743725117807969,1.621994847804308,5.155950427055359
486,-0.07166292895828545,4.004867800720542,0.06043485341895454,0.21408771481364966,5.175285720825196
487,-0.06959097319821479,3.959851080196249,0.05859589204520847,5.728696805238724,5.803562951087952
488,-0.06772840670427997,3.8954507788834114,0.05771433014425966,0.4779765458777547,4.977138423919678
489,-0.06601115467203708,3.8540759614028044,0.056927195098149794,0.2898587828502059,5.533284449577332
490,-0.07021001612778142,4.04468218947374,0.05758060771957394,0.43269452108070255,5.397601866722107
491,-0.06571946549838589,3.6645830001630375,0.060958106642437275,0.36197209237143396,5.789361381530762
492,-0.06167166949166055,3.641013231050732,0.05537470428425794,0.5182485190220177,5.1364134550094604
493,-0.0647733739675428,3.60424866383067,0.06058865342785941,0.21185509208589792,4.89770781993866
494,-0.07866486756096003,4.4617212402541835,0.05698805649174944,0.18909418219700455,5.206928992271424
495,-0.06385789066009832,3.759581890626765,0.05645009337725054,0.24420686084777116,5.129668259620667
496,-0.06081393462868044,3.6343243222505994,0.05598748525103464,1.996622469648719,5.875535583496093
497,-0.06311432067416572,3.7351162081750813,0.05708260745145186,0.63220953354612,5.019834804534912
498,-0.06651272029622864,3.7790594341700845,0.06046358782644943,0.5083169032819569,5.416092753410339
499,-0.073504153833654,3.8323093998960402,0.06538864550334789,0.9327370201237499,5.183482217788696
500,-0.06934007622971679,3.9728987278004766,0.059092568654319486,0.1991345088928938,4.780130124092102
501,-0.07130268028647761,4.023016951546387,0.060485618793885976,0.46639574877917767,5.032090735435486
502,-0.06827607008231894,3.646826136286424,0.06485051480973665,0.3131149435415864,5.1091639518737795
503,-0.0597706611021576,3.5473701547036454,0.05720346125861122,0.3309614840894938,5.186072158813476
504,-0.06474004918476278,3.683837032469005,0.060117642496294504,0.3822579450905323,5.390792322158814
505,-0.06493570603725798,3.760165988164151,0.058022594637944645,0.5437484863214195,5.16047523021698
506,-0.06070181200656549,3.7659388891941523,0.054408052381961405,0.4761923522688448,5.3268677473068236
507,-0.06536189439419636,3.7816884054327984,0.059128799242732795,0.9675906368531286,4.8038410425186155
508,-0.06278131876742207,3.7315281802855185,0.057897188331953856,0.6457384491339326,5.308715224266052
509,-0.06254313592873172,3.685420717763236,0.05696730921264478,0.2278707206249237,5.267389392852783
510,-0.06449437745326307,3.796252453772015,0.05811284420290102,1.1533314095810057,5.079627633094788
511,-0.06283159907498986,3.8493053139005338,0.05486857108196783,0.29800191801041365,5.2072463750839235
512,-0.07017905482525537,3.969951123066416,0.060427852574216984,1.082969745248556,5.532541584968567
513,-0.07240846518370855,4.181416699261533,0.05625827219856115,0.4147133595310152,4.822600221633911
514,-0.07184918095060835,3.951652348257188,0.061883038855127505,1.2051512715406716,5.818634176254273
515,-0.0660000705302924,3.8072964073967377,0.058398370880914326,0.34976798817515375,4.830945467948913
516,-0.06284360020639827,3.8402332161054513,0.05494738821172227,0.44451072067022324,4.807691359519959
517,-0.06892014092224694,4.200229514141557,0.05345885605562415,0.846266308054328,5.856262111663819
518,-0.06916106475632836,3.7628575781772398,0.06163740590049818,0.31365365739911794,5.049753355979919
519,-0.06672199622695855,3.8339371338527886,0.05812158157122461,0.31801419164985417,5.085065102577209
520,-0.08225278292538471,3.6883626316364873,0.0749336088183863,0.2312708619982004,5.145696020126342
521,-0.07322598600370368,4.324334741572403,0.05492028479443296,0.7968273504637182,5.201971197128296
522,-0.07656252939882921,3.7427140350206933,0.06784453218958883,0.30003166254609825,5.403032326698304
523,-0.06816767109710871,4.090413505058018,0.05458411949616468,0.712330618686974,5.215868258476258
524,-0.07628563062120042,4.4540734725932385,0.05538993249901621,0.7835785647854209,5.199375462532044
525,-0.06943182982623868,4.0648656818364515,0.055603695495887874,0.260088356398046,5.353943252563477
526,-0.06516422360579063,4.110098288889005,0.05073209740816349,0.5950102614238858,5.490079236030579
527,-0.07032616425832336,4.1216597399202435,0.05676718801803466,0.46577628906816243,5.444596624374389
528,-0.07024953856824834,4.216296863629379,0.05441648003763604,0.32884235912933946,5.289205956459045
529,-0.06618071994839718,4.011891531037374,0.05372234174544057,0.5236236834898591,5.055561804771424
530,-0.060551236341128314,3.6697080953008627,0.05573605554805675,0.3405923342332244,5.096917343139649
531,-0.07059892210074958,3.90758231445445,0.06068531883138682,0.9812264252454043,5.268901419639588
532,-0.06322259316214637,3.926969546831393,0.052697105536975056,0.30107044894248247,4.95664234161377
533,-0.06812382175487568,3.378978771181738,0.06695169421579325,0.31929713357239964,5.089762854576111
534,-0.0698882201273775,3.7709324034189575,0.062258721421982556,0.33558441065251826,5.0586871147155765
535,-0.06294549799940365,3.679884156773157,0.05889967009629282,0.8897841244935989,5.311798095703125
536,-0.06484704467354326,3.855491039786924,0.0568519861406117,0.8118524709716439,5.151264953613281
537,-0.06764761932172719,3.8565632928835005,0.05886852010653639,0.3393400457687676,4.792570233345032
538,-0.06450701211556553,3.7493853076503885,0.05745433629101726,0.6677632045000792,5.016266298294068
539,-0.07081120177987828,3.662425376814602,0.06583903714349695,0.3686727940104902,5.151754140853882
540,-0.08357761320402052,3.4761598894098666,0.07805157706439766,0.3242596182972193,5.034289360046387
541,-0.07553395690313915,3.7341341220014836,0.06831539778470425,0.674300392344594,5.47221302986145
542,-0.07233411217170999,3.770702236494352,0.06493575402122803,0.9733401862904429,5.017900681495666
543,-0.058869782698997,3.561440688708727,0.05709316887734542,0.20569321010261774,5.0153744459152225
544,-0.0653436874923384,3.7686394208827556,0.05880240554433277,1.437968172505498,4.850231552124024
545,-0.067885303737631,3.7308460762379294,0.06068622657376934,0.8366669648326933,5.380594182014465
546,-0.07401026880288944,3.859575165799604,0.06458791394994708,0.17339233141392468,4.896949934959411
547,-0.06935053166737029,3.7581654623644463,0.06236134253984552,1.43231802880764,5.113013124465942
548,-0.06988694692173134,4.061309072467488,0.05729143474684282,0.1724860412068665,4.843452453613281
549,-0.0701831862968823,4.263716492055515,0.052551023314073235,0.4301790986210108,5.4377152681350704
550,-0.07118364810550953,4.353503756831075,0.051933219058967486,0.21779944319278002,4.9070317029953
551,-0.07242912911613522,4.122417916697076,0.05750058848962817,0.23906964883208276,5.412858724594116
552,-0.07836533039652686,4.493269729497307,0.05590386682639803,0.3128673654049635,5.042508363723755
553,-0.07174803619847746,3.92289246588955,0.061366806879441314,0.801142605766654,5.055834555625916
554,-0.07095555439609884,3.9513807351223496,0.06041765951520648,0.8473549796268344,5.111132502555847
555,-0.06737237243439917,3.7499526586659213,0.05970552976549747,0.7473931347951293,5.445206522941589
556,-0.07260752607297252,3.842778094784272,0.06366110982372392,0.9076704129576683,5.202487921714782
557,-0.06822093147194014,3.791039167900965,0.0605636145906868,0.6451302154920995,5.2662458419799805
558,-0.070835871949734,3.686879278376779,0.06304687392406269,0.275749842915684,4.9916939496994015
559,-0.07185464242923062,3.9628367063086185,0.059700370951450636,1.206987714022398,5.076827955245972
560,-0.0713405695304515,3.8171773399714493,0.0636961262991875,0.3566510515287519,5.052857375144958
561,-0.06753190449794724,3.7174052516264315,0.06045065933724702,0.6536671137437224,5.537817716598511
562,-0.0709419954650742,3.946462905785749,0.060055941603799706,0.368024193495512,5.470564317703247
563,-0.07153356340107618,3.8225653238640027,0.06254634794355722,1.1902053179219365,5.165349555015564
564,-0.07218631108104274,3.923615421669021,0.061167101480127134,1.0539549464359879,5.636832308769226
565,-0.06938876650765922,4.020341131313996,0.05778299424291592,0.255335153453052,5.062456560134888
566,-0.06698615788094635,3.872576486417568,0.05919277849455072,0.5006989736109972,5.322408533096313
567,-0.06153871614831012,3.5806297339108895,0.057641620239908736,0.2347510832361877,4.986581468582154
568,-0.06601020073870933,3.7327539055719106,0.05919602592463714,0.2860061265528202,4.961014652252198
569,-0.06988046749258371,4.032109516884368,0.056821324729728215,0.6412715477868914,5.165309095382691
570,-0.07462438146963687,4.062266487566939,0.06156545693493878,0.23347464706748725,5.208088779449463
571,-0.06532405403320739,3.925280287829893,0.05528085304413306,0.5161640236154199,5.293594598770142
572,-0.060732037575224364,3.6588694599435527,0.056189253814083254,0.920289983227849,5.048582768440246
573,-0.06443994687197185,3.4215931509915474,0.0642955282595043,0.7244912924244999,5.220276427268982
574,-0.06566791927765882,3.7913765180024273,0.059477220146940415,1.1041413992643356,4.898850822448731
575,-0.07087332850427935,4.136846254232913,0.05578405686784264,0.750265895947814,5.357177662849426
576,-0.06139604464038395,3.855047889702039,0.05232851561016456,1.0257632814347744,4.912193632125854
577,-0.06442176225896634,4.008771626289904,0.05353573485247434,0.5855902975425125,5.622262287139892
578,-0.06526545712045029,3.8635704889059723,0.056446177836637586,0.45546631049364805,4.994453501701355
579,-0.06586103134678925,3.4839895941230763,0.06347771604337121,1.2898635260760785,4.9216532707214355
580,-0.06907467502414195,4.1146129505102405,0.05641688923313022,0.4136722800321877,5.259236311912536
581,-0.05945500469947199,3.581202267979099,0.0570289398576669,0.2189144855365157,5.5709004402160645
582,-0.06612709060265883,3.4944745419310594,0.06495484985092333,0.3505269576795399,5.301869297027588
583,-0.06425584228543633,3.6884011473191727,0.05945369194899363,0.5112936747260391,5.042420506477356
584,-0.06646052995327033,3.9775358409554245,0.0563087811445473,0.4121181359514594,4.883214926719665
585,-0.06593769645098788,3.8725471490242422,0.058064408819345596,0.7382110743783414,4.934548473358154
586,-0.06767045356492393,3.727662719582198,0.0628758983219244,0.3933445708826184,5.185134243965149
587,-0.06891826061158611,3.5486437486829496,0.06699018332382659,0.19416215363889933,5.129364061355591
588,-0.06970511424555759,3.792431069308461,0.06367900951618315,0.3707883467897773,5.175443458557129
589,-0.06859108710302418,3.8802104984862713,0.061098395371541395,0.25666270945221187,5.228762674331665
590,-0.0659430926969188,3.83365794765573,0.05802336832527778,0.5011536682024598,4.960539555549621
591,-0.07297415581073041,4.256087673078225,0.05601712174277975,0.9664840884506702,5.128166389465332
592,-0.06673236572381523,3.9136929215125975,0.05667172417609775,0.26724914126098154,5.201910591125488
593,-0.07412786307049753,4.3211229149567,0.056364463123947856,0.3330582983791828,5.07474011182785
594,-0.06635404568009576,4.103952835711917,0.05258427890407737,0.6078612297773361,5.391718411445618
595,-0.06762462276523512,4.0876866026458725,0.05343649138085469,0.21569513846188784,5.2431039094924925
596,-0.0672785672603988,3.9407684623146224,0.05751244735399702,0.15857208864763378,4.970046615600586
597,-0.06611800583039062,3.9620586904734916,0.056106151158679805,0.3445688302628696,4.913638997077942
598,-0.0657803327539938,4.042600762659983,0.054702366336887624,0.18669953951612114,4.927786755561828
599,-0.06649277312088454,4.002660038190918,0.05482109953942519,45.90325612593442,4.7043009996414185
600,-0.07002437019773228,4.209462077670479,0.053301230550163024,0.5052207322791219,5.250102925300598
